"Category","App Name","Short Description","Number of Reviews","Average Stars Rating","Price","App URL"
"Finding Products","Oberlo ‑ Dropshipping App","Find products to sell on Shopify",4076,4.2,"Free plan available","https://apps.shopify.com/oberlo"
"Finding Products","Spocket ‑ US & EU Dropshipping","Find Dropshipping products from US and EU suppliers",3026,4.6,"Free plan available","https://apps.shopify.com/spocket"
"Finding Products","Printful: Print on Demand","Sell custom print, embroidery, and engraving merchandise",2795,4.4,"Free to install","https://apps.shopify.com/printful"
"Finding Products","Aliexpress Dropshipping","Auto Updating Sync, Price, Stock Monitor & More",2049,4.6,"Free plan available","https://apps.shopify.com/aliexpress-dropshipping"
"Finding Products","Printify: Print on Demand","Sell custom T-shirts, phone cases and 250+ other products",2041,4.4,"Free to install","https://apps.shopify.com/printify"
"Finding Products","Modalyst ‑ Dropshipping","Products for dropshipping with fast shipping",1269,4.4,"Free plan available","https://apps.shopify.com/modalyst"
"Finding Products","EPROLO‑Dropshipping & Branding","Dropshipping, Free Branding, Product Sourcing, POD",1189,4.9,"Free","https://apps.shopify.com/eprolo"
"Finding Products","DSers‑AliExpress Dropshipping","AliExpress Official Dropshipping Partner",1163,4.8,"Free","https://apps.shopify.com/dsers"
"Finding Products","CJDropshipping","Dropshipping and Fulfillment for Shopify Store",1032,4.4,"Free","https://apps.shopify.com/cucheng"
"Finding Products","Syncee ‑ Global Dropshipping","Find & sell profitable products with reliable suppliers",851,4.8,"Free plan available","https://apps.shopify.com/syncee-1"
"Orders and Shipping","Shopify Email","Email marketing made for commerce",974,3.9,"Free","https://apps.shopify.com/shopify-email"
"Orders and Shipping","Facebook & Instagram","Bring your products to people on Facebook and Instagram",4019,3.2,"Free to install","https://apps.shopify.com/facebook"
"Orders and Shipping","Google & YouTube","Sell where people search on Google and YouTube",5927,3.6,"Free to install","https://apps.shopify.com/google"
"Orders and Shipping","Shopify Inbox","Connect with shoppers and drive sales with chat",1658,4.4,"Free","https://apps.shopify.com/shopify-chat"
"Orders and Shipping","Buy Button channel","Sell your products on any website or blog",361,3.5,"Free","https://apps.shopify.com/buy-button"
"Orders and Shipping","Pinterest","Put your products where people go to find ideas to try and buy",5586,4.7,"Free to install","https://apps.shopify.com/pinterest"
"Orders and Shipping","Klaviyo: Email Marketing & SMS","",1698,3.8,"Free plan available","https://apps.shopify.com/klaviyo-email-marketing"
"Orders and Shipping","Mailchimp: Email Marketing","Drive traffic and sales with email and marketing automation",476,3.5,"Free plan available","https://apps.shopify.com/mailchimp"
"Orders and Shipping","SMSBump: SMS Marketing & Email","",4862,4.9,"Free plan available","https://apps.shopify.com/smsbump"
"Orders and Shipping","Privy ‑ Pop Ups, Email, & SMS","",24775,4.6,"Free plan available","https://apps.shopify.com/privy"
"Marketing and Conversion","Facebook & Instagram","Bring your products to people on Facebook and Instagram",4019,3.2,"Free to install","https://apps.shopify.com/facebook"
"Marketing and Conversion","Shop channel","Boost your brand presence and connect with customers on Shop",191,3.4,"Free","https://apps.shopify.com/shop-channel"
"Marketing and Conversion","Google & YouTube","Sell where people search on Google and YouTube",5927,3.6,"Free to install","https://apps.shopify.com/google"
"Marketing and Conversion","TikTok","Showcase your products to TikTok's billions of users",2918,4.8,"Free to install","https://apps.shopify.com/tiktok"
"Marketing and Conversion","Pinterest","Put your products where people go to find ideas to try and buy",5586,4.7,"Free to install","https://apps.shopify.com/pinterest"
"Marketing and Conversion","Linkpop","The best link in bio tool for commerce",45,3.4,"Free","https://apps.shopify.com/linkpop"
"Marketing and Conversion","Amazon by Codisto","",756,4.8,"Free plan available","https://apps.shopify.com/amazon-by-codisto"
"Marketing and Conversion","Shopcodes","",43,3.2,"Free","https://apps.shopify.com/shopcodes"
"Marketing and Conversion","Appstle℠ Subscriptions","",2157,4.9,"Free plan available","https://apps.shopify.com/appstle-subscriptions"
"Marketing and Conversion","Seal Subscriptions℠ & Loyalty","",753,4.9,"Free plan available","https://apps.shopify.com/seal-subscriptions"
"Selling Products","Shopify Inbox","Connect with shoppers and drive sales with chat",1658,4.4,"Free","https://apps.shopify.com/shopify-chat"
"Selling Products","TikTok","Showcase your products to TikTok's billions of users",2918,4.8,"Free to install","https://apps.shopify.com/tiktok"
"Selling Products","Buy Button channel","Sell your products on any website or blog",361,3.5,"Free","https://apps.shopify.com/buy-button"
"Selling Products","Mailchimp: Email Marketing","Drive traffic and sales with email and marketing automation",476,3.5,"Free plan available","https://apps.shopify.com/mailchimp"
"Selling Products","Shopify Flow","Automate everything and get back to business",44,3.3,"Free to install","https://apps.shopify.com/flow"
"Selling Products","Matrixify","Bulk Import Export Update Migrate",319,4.7,"Free plan available","https://apps.shopify.com/matrixify"
"Selling Products","Tidio Live Chat & AI Chatbots","",1652,4.7,"Free plan available","https://apps.shopify.com/tidio-chat"
"Selling Products","Track123 Order Tracking Upsell","",1783,4.9,"Free plan available","https://apps.shopify.com/track123"
"Selling Products","Parcel Panel Order Tracking","",1572,5.0,"Free plan available","https://apps.shopify.com/parcelpanel"
"Selling Products","Pushdaddy WhatsApp, Live Chat","",3983,4.6,"Free","https://apps.shopify.com/pushdaddy"
"Store Design","Shopify Search & Discovery","Customize your storefront search and discovery experience",137,3.6,"Free","https://apps.shopify.com/search-and-discovery"
"Store Design","Product Reviews","Let customers leave product reviews on your store",1798,3.7,"Free","https://apps.shopify.com/product-reviews"
"Store Design","Shopify Translate & Adapt","Translate and adapt your store content for every market",276,4.3,"Free","https://apps.shopify.com/translate-and-adapt"
"Store Design","Judge.me Product Reviews","",16254,5.0,"Free plan available","https://apps.shopify.com/judge-me"
"Store Design","Instafeed - Instagram Feed","",1280,4.9,"Free plan available","https://apps.shopify.com/instafeed"
"Store Design","PageFly Landing Page Builder","",7939,4.9,"Free to install","https://apps.shopify.com/pagefly"
"Store Design","Linkpop","The best link in bio tool for commerce",45,3.4,"Free","https://apps.shopify.com/linkpop"
"Store Design","GemPages Landing Page Builder","",3553,4.9,"Free plan available","https://apps.shopify.com/gempages"
"Store Design","Shogun Landing Page Builder","",3123,4.8,"Free plan available","https://apps.shopify.com/shogun"
"Store Design","LayoutHub - Easy Page Builder","",2713,4.9,"Free plan available","https://apps.shopify.com/layouthub"
"Store Management","Shopify Inbox","Connect with shoppers and drive sales with chat",1658,4.4,"Free","https://apps.shopify.com/shopify-chat"
"Store Management","TikTok","Showcase your products to TikTok's billions of users",2918,4.8,"Free to install","https://apps.shopify.com/tiktok"
"Store Management","Buy Button channel","Sell your products on any website or blog",361,3.5,"Free","https://apps.shopify.com/buy-button"
"Store Management","Mailchimp: Email Marketing","Drive traffic and sales with email and marketing automation",476,3.5,"Free plan available","https://apps.shopify.com/mailchimp"
"Store Management","Shopify Flow","Automate everything and get back to business",44,3.3,"Free to install","https://apps.shopify.com/flow"
"Store Management","Matrixify","Bulk Import Export Update Migrate",319,4.7,"Free plan available","https://apps.shopify.com/matrixify"
"Store Management","Tidio Live Chat & AI Chatbots","",1652,4.7,"Free plan available","https://apps.shopify.com/tidio-chat"
"Store Management","Track123 Order Tracking Upsell","",1783,4.9,"Free plan available","https://apps.shopify.com/track123"
"Store Management","Parcel Panel Order Tracking","",1572,5.0,"Free plan available","https://apps.shopify.com/parcelpanel"
"Store Management","Pushdaddy WhatsApp, Live Chat","",3983,4.6,"Free","https://apps.shopify.com/pushdaddy"
